accuracy,leven,leven_per_char,precision,recall,fscore,model,file
0.9568960804679385,2.1253369272237195,0.03203588143736476,0.947653428264633,0.9444116922882922,0.9460107125683498,linear-conv-no-pos,bfmmss-conv-nopos2019-06-03--13:17:51.tar
